{"cameraMode":{"drawMode":0,"name":"Shaded","section":"Shading Mode"},"sceneLighting":true,"audioPlay":false,"sceneViewState":{"showFog":true,"showMaterialUpdate":false,"showSkybox":true,"showFlares":true,"showImageEffects":true,"showParticleSystems":true},"in2DMode":false,"pivot":{"x":-38.8082275390625,"y":-35.3245849609375,"z":-167.2259521484375},"rotation":{"x":0.06497368961572647,"y":-0.8943541049957275,"z":0.13819728791713715,"w":0.4204734265804291},"size":301.86883544921877,"orthographic":false}